player,link
Charles Barkley*,NA
Vlade Divac*,NA
Clyde Drexler*,NA
Joe Dumars*,NA
Patrick Ewing*,NA
Grant Hill*,NA
Michael Jordan*,NA
Jason Kidd*,NA
Karl Malone*,NA
Moses Malone*,NA
Šarūnas Marčiulionis*,NA
Reggie Miller*,NA
Alonzo Mourning*,NA
Chris Mullin*,NA
Dikembe Mutombo*,NA
Shaquille O'Neal*,NA
Hakeem Olajuwon*,NA
Robert Parish*,NA
Gary Payton*,NA
Scottie Pippen*,NA
Dino Rađa*,NA
Mitch Richmond*,NA
David Robinson*,NA
Dennis Rodman*,NA
John Stockton*,NA
Dominique Wilkins*,NA
Magic Johnson*,NA
Arvydas Sabonis*,NA
Ray Allen*,NA
Allen Iverson*,NA
Steve Nash*,NA
Tracy McGrady*,NA
Yao Ming*,NA
